Name,Birthday
Behruz,66
Ragna,133
Nona,94
Izaak,252
Amna,215
Sunder,351
Mikey,265
Yōsuke,350
Lalla,117
Shizuko,209
Vincenc,219
Bau,303
Muir,115
Magdalen,273
Desamparados,110
Signe,87
Vüqar,64
Forrest,306
Daryawesh,172
Tatianus,222
Þórný,252
Cezar,154
Gofraidh,22
Jazmin,350
Nitika,191
Sven,118
Muhammad,307
Lena,295
Juris,345
Rodya,67
Johanna,329
Safa,120
Yash,118
Vellamo,50
Christin,23
Eluney,365
Coco,4
Keeleigh,42
Thomas,226
Dessislava,81
Alya,252
Margery,215
Przemysł,205
Andrija,324
Theseus,216
Efigénia,13
Børge,131
Anand,11
Deasún,62
Evren,200